,furnishing,level,price,id,rooms,space,postID,words
0,1,1.0,230000.0,1836626688.0,3.0,76,33330.0,44
1,1,2.0,425000.0,1837940205.0,3.0,92,42697.0,559
3,1,2.0,242990.0,1836681618.0,3.0,72,1127.0,454
4,1,1.0,969000.0,1758074291.0,3.0,83,14199.0,473
5,1,1.0,310070.0,1123536466.0,2.0,61,10965.0,488
6,1,2.0,176638.0,1835922924.0,3.0,80,10625.0,949
7,1,2.0,299000.0,1813928635.0,3.0,51,26434.0,1324
8,1,1.0,45000.0,1623527409.0,1.0,40,17098.0,309
9,1,1.0,329000.0,1839760165.0,1.0,48,50678.0,856
10,1,2.0,330000.0,1836179634.0,4.0,101,44269.0,290
11,1,1.0,49000.0,1836381151.0,2.0,54,9618.0,222
12,1,2.0,539000.0,1837712234.0,3.0,77,85386.0,419
13,1,1.0,379980.0,1345302575.0,3.0,84,4229.0,415
15,1,2.0,360000.0,1836680247.0,4.0,125,38159.0,229
17,1,2.0,299900.0,1757236513.0,3.0,78,78669.0,683
18,1,3.0,750000.0,1836464675.0,4.0,123,60598.0,122
19,1,4.0,261100.0,1836424800.0,2.0,60,1159.0,389
20,1,3.0,789000.0,1831457634.0,4.0,148,42287.0,296
21,1,1.0,220000.0,1625888007.0,2.0,51,10587.0,27
22,1,1.0,55000.0,1839292712.0,2.0,55,58553.0,21
23,1,1.0,185000.0,1839705675.0,2.0,41,22761.0,659
24,1,1.0,140000.0,1836958723.0,2.5,65,26345.0,176
26,1,2.0,215000.0,1838986912.0,3.0,77,40822.0,673
27,1,2.0,699900.0,1837440537.0,3.0,145,33102.0,529
28,1,1.0,589000.0,1836461570.0,3.0,122,68239.0,541
29,1,1.0,76000.0,1838430581.0,2.0,45,6618.0,522
30,1,2.0,176638.0,1836764661.0,3.0,80,15234.0,949
32,1,2.0,199000.0,1838304931.0,3.0,73,26871.0,249
33,1,3.0,259000.0,1837610253.0,4.5,100,28219.0,222
34,1,1.0,650000.0,1813004386.0,3.0,89,10249.0,405
36,1,4.0,379000.0,1836306339.0,5.0,152,63110.0,546
37,1,3.0,149900.0,1836009116.0,4.5,82,59067.0,114
38,1,2.0,299000.0,1839279113.0,3.5,83,79787.0,142
39,1,2.0,726000.0,1838926717.0,3.0,109,13591.0,90
40,1,1.0,135000.0,1837903386.0,1.0,33,90419.0,284
42,1,1.0,479838.0,1813706141.0,2.0,84,91074.0,240
43,1,1.0,95000.0,1838784773.0,2.0,54,34537.0,515
44,1,3.0,469000.0,1835927663.0,5.0,117,73732.0,385
45,1,2.0,1279000.0,1758075511.0,4.0,106,14199.0,472
46,1,2.0,260000.0,1836888803.0,4.0,78,13051.0,129
47,1,1.0,479000.0,1813871809.0,4.0,98,71638.0,459
48,1,1.0,369000.0,1811473451.0,2.0,51,60314.0,806
49,1,1.0,140000.0,1837607805.0,3.0,67,4347.0,325
50,1,2.0,430000.0,1789926963.0,3.0,82,51109.0,434
51,1,1.0,159000.0,1814698036.0,2.0,64,27232.0,309
53,1,2.0,379900.0,1790726367.0,3.0,79,33102.0,529
54,1,1.0,400000.0,1838309463.0,2.0,54,87509.0,423
55,1,2.0,389000.0,1758903729.0,3.0,102,49078.0,379
56,1,2.0,554900.0,1813264304.0,4.0,125,45481.0,428
57,1,2.0,89000.0,1786576361.0,3.0,79,79682.0,340
58,1,1.0,350000.0,1837910135.0,2.0,65,55118.0,75
59,1,1.0,69950.0,1838517700.0,3.0,64,9130.0,297
60,1,2.0,249000.0,1811072405.0,3.0,75,28857.0,366
61,1,1.0,62000.0,1839004608.0,2.0,45,44793.0,342
62,1,1.0,175000.0,1835575047.0,2.0,58,33604.0,330
64,1,2.0,488000.0,1786356782.0,3.0,104,78126.0,573
65,1,3.0,120000.0,1814689686.0,4.0,83,29683.0,558
66,1,1.0,65000.0,1786984103.0,1.0,79,63452.0,940
67,1,1.0,134999.0,1796290148.0,2.0,58,42287.0,236
69,1,5.0,2000000.0,1838941193.0,7.0,220,80339.0,1585
70,1,2.0,160000.0,1726618693.0,2.5,67,55559.0,333
71,1,2.0,329000.0,1786341088.0,3.0,71,70771.0,732
73,1,1.0,235100.0,1786356862.0,2.0,50,78126.0,550
74,1,2.0,486800.0,1757671937.0,3.0,104,86438.0,318
75,1,3.0,285000.0,1835950732.0,4.0,84,22850.0,458
76,1,1.0,1069000.0,1758079050.0,3.0,83,14199.0,474
77,1,1.0,285000.0,1727391967.0,2.0,55,79874.0,964
78,1,1.0,449700.0,1755079201.0,3.0,60,65191.0,833
79,1,1.0,199500.0,1836178955.0,2.0,60,99085.0,121
80,1,1.0,107140.0,1786707119.0,3.0,83,99947.0,771
81,1,1.0,215000.0,1828688943.0,2.0,66,63739.0,38
82,1,1.0,45000.0,1623527294.0,1.0,38,17098.0,333
83,1,2.0,290000.0,1838271915.0,3.0,67,93057.0,312
86,1,2.0,316700.0,1693318793.0,2.0,67,12157.0,610
87,1,2.0,556000.0,1830122866.0,3.0,115,91781.0,771
88,1,3.0,544900.0,1813260000.0,4.0,127,45481.0,425
89,1,1.0,330000.0,1830122256.0,2.0,75,91781.0,737
90,1,2.0,329000.0,1813934702.0,3.0,68,26434.0,1256
91,1,2.0,595000.0,1687888750.0,4.0,131,65549.0,583
92,1,2.0,115000.0,1755707655.0,3.0,77,7548.0,60
93,1,1.0,1100000.0,1838788747.0,4.0,185,90402.0,180
94,1,1.0,220000.0,1656206555.0,2.0,72,49767.0,308
95,1,1.0,199000.0,1297615865.0,2.0,57,68167.0,359
96,1,1.0,143000.0,1839674702.0,1.0,39,4103.0,637
97,1,3.0,289000.0,1839144436.0,4.0,40,14109.0,600
98,1,1.0,295000.0,1836264820.0,3.0,99,36137.0,179
99,1,3.0,620000.0,1122601936.0,4.0,170,4103.0,411
100,1,1.0,350000.0,1814916907.0,2.0,51,81549.0,586
102,1,2.0,207500.0,1656723568.0,3.0,79,78532.0,114
104,1,2.0,279000.0,1837011894.0,3.0,80,79539.0,326
105,1,2.0,492400.0,1813953998.0,4.5,87,73266.0,61
106,1,1.0,290522.0,1838408024.0,2.0,73,77933.0,278
107,1,2.0,355000.0,1816127856.0,6.0,197,37181.0,486
108,1,1.0,279500.0,1839408458.0,2.0,51,86399.0,728
109,1,2.0,645000.0,1785633894.0,3.5,225,75334.0,652
110,1,1.0,153000.0,1836817599.0,2.0,50,12249.0,286
111,1,1.0,174000.0,1815533167.0,1.0,44,48165.0,365
112,1,1.0,180000.0,1821524984.0,1.0,39,63071.0,164
113,1,2.0,170000.0,1796002123.0,3.0,65,28309.0,263
114,1,1.0,698000.0,1815823507.0,3.0,74,20251.0,519
115,1,1.0,451500.0,1836235501.0,2.5,78,70565.0,31
116,1,1.0,87000.0,1837457776.0,1.0,32,37073.0,137
117,1,2.0,585000.0,1725985257.0,4.0,98,82216.0,314
118,1,2.0,335000.0,1786853875.0,3.0,72,15569.0,690
119,1,0.0,396000.0,1693260726.0,2.0,90,54295.0,233
120,1,1.0,214000.0,1837456436.0,2.0,57,13403.0,366
123,1,2.0,359000.0,1657629671.0,2.0,138,26817.0,639
124,1,1.0,309000.0,1786403639.0,2.0,73,51491.0,157
125,1,1.0,88500.0,1839575897.0,3.0,60,8523.0,160
127,1,3.0,180000.0,1837468582.0,4.5,85,53809.0,127
128,1,1.0,335600.0,1839234551.0,2.0,64,85077.0,774
129,1,4.0,724600.0,1811482729.0,5.0,152,54292.0,687
130,1,3.0,1250000.0,1839461632.0,5.0,247,50259.0,536
131,1,2.0,380000.0,1839525523.0,4.0,83,64291.0,77
132,1,2.0,469900.0,1813261714.0,3.0,106,45481.0,430
133,1,1.0,215000.0,1755452458.0,2.0,60,26759.0,361
134,1,1.0,265000.0,1836516661.0,3.0,93,99085.0,56
135,1,2.0,279000.0,1755737114.0,3.0,93,32257.0,344
136,1,1.0,75000.0,1657863059.0,1.0,32,66115.0,483
137,1,3.0,141500.0,1837482118.0,4.0,88,58089.0,122
138,1,2.0,409068.0,1789886394.0,3.0,113,59555.0,488
139,1,1.0,150000.0,1839760291.0,4.5,78,45968.0,357
140,1,2.0,387000.0,1755459312.0,3.0,82,86697.0,542
141,1,3.0,346000.0,1836629809.0,4.0,134,42115.0,129
142,1,2.0,765000.0,1299027278.0,3.0,82,81245.0,570
143,1,4.0,209000.0,1837345530.0,1.5,43,71332.0,335
144,1,2.0,379000.0,1786395205.0,3.0,95,51491.0,159
145,1,1.0,649000.0,1787058847.0,3.0,68,20251.0,445
147,1,2.0,199000.0,1814763000.0,5.0,110,28203.0,281
148,1,1.0,261600.0,1759927908.0,3.0,113,38820.0,451
149,1,2.0,385000.0,1688521573.0,5.0,150,21447.0,809
150,1,1.0,32900.0,1839152348.0,2.0,31,9465.0,114
152,1,2.0,275000.0,1839847317.0,3.0,119,33813.0,349
154,1,2.0,316500.0,1742544915.0,4.0,103,38448.0,245
155,1,2.0,298000.0,1835765440.0,3.0,70,30161.0,499
156,1,2.0,495000.0,1835837896.0,3.5,110,51147.0,381
157,1,1.0,199000.0,1838531765.0,3.0,69,42285.0,246
158,1,1.0,231000.0,1456278336.0,1.0,44,10717.0,337
159,1,1.0,409000.0,1836305336.0,3.0,79,50354.0,533
160,1,1.0,119000.0,1839265897.0,2.0,56,45355.0,464
161,1,1.0,833476.0,1835670367.0,3.0,70,26486.0,556
162,1,2.0,290437.0,1688433680.0,3.0,91,10553.0,425
163,1,3.0,619695.0,1757179821.0,4.5,88,73730.0,592
164,1,1.0,121500.0,1835750529.0,1.0,30,89291.0,176
166,1,2.0,383000.0,1598590976.0,3.0,102,33397.0,368
167,1,2.0,52750.0,1837619523.0,3.0,35,32584.0,345
168,1,2.0,269000.0,1836656151.0,3.0,89,73037.0,532
169,1,2.0,849000.0,1838519723.0,3.0,132,10717.0,34
170,1,2.0,109000.0,1836655691.0,4.0,96,99734.0,228
171,1,1.0,205000.0,1789876041.0,2.0,62,26131.0,314
172,1,1.0,220000.0,1839359531.0,2.0,47,18556.0,1207
173,1,1.0,278240.0,1786416334.0,3.0,62,28207.0,269
174,1,2.0,310000.0,1811138473.0,3.0,79,84359.0,624
175,1,1.0,99000.0,1692382757.0,3.0,127,58675.0,350
176,1,3.0,1699000.0,1839563901.0,5.0,171,60433.0,787
177,1,3.0,212330.0,1726737267.0,2.0,57,13347.0,328
178,1,1.0,379000.0,1566666249.0,4.0,73,50829.0,272
179,1,2.0,109000.0,1815361098.0,3.0,79,27711.0,404
180,1,1.0,240000.0,1837902990.0,2.0,60,24790.0,345
182,1,2.0,350000.0,1837433668.0,3.0,71,70184.0,96
183,1,1.0,299900.0,1838962421.0,1.0,29,60326.0,302
184,1,2.0,549000.0,1838381928.0,3.0,91,10997.0,296
185,1,3.0,469000.0,1837415528.0,4.0,90,30163.0,322
187,1,1.0,180000.0,1755756669.0,2.0,62,32257.0,344
188,1,1.0,400357.0,1813706174.0,2.0,74,91074.0,240
189,1,2.0,199000.0,1836715487.0,3.0,90,31840.0,166
190,1,1.0,50000.0,1836087813.0,2.0,57,8485.0,62
191,1,1.0,98000.0,1835961265.0,2.0,47,97437.0,189
192,1,1.0,885000.0,1756055684.0,3.0,70,80803.0,453
193,1,2.0,160000.0,1340197560.0,3.0,170,80798.0,125
194,1,1.0,299000.0,1813872311.0,2.5,100,73770.0,463
195,1,2.0,382624.0,1837513352.0,3.0,87,75365.0,225
196,1,1.0,350000.0,1825063436.0,2.0,42,22083.0,309
197,1,0.0,396900.0,1836305341.0,3.0,72,50354.0,533
198,1,2.0,319900.0,1723779675.0,4.0,114,29614.0,910
199,1,1.0,649000.0,1790039697.0,2.5,95,10825.0,452
200,1,1.0,210000.0,1835653831.0,2.0,55,30175.0,306
201,1,1.0,435000.0,1790261795.0,3.5,88,70825.0,252
203,1,3.0,235000.0,1838777264.0,4.0,87,48167.0,572
204,1,4.0,215312.0,1726748359.0,2.0,57,13347.0,284
205,1,1.0,137029.0,1835922828.0,2.0,58,10625.0,882
206,1,2.0,374240.0,1836438572.0,3.0,88,78050.0,522
209,1,1.0,78000.0,1710992170.0,1.5,43,27580.0,284
210,1,1.0,303900.0,1813705963.0,4.0,91,41352.0,267
211,1,2.0,260000.0,1837049973.0,5.0,120,66333.0,248
212,1,3.0,633900.0,1771481472.0,6.0,120,89171.0,928
213,1,4.0,359290.0,1838983910.0,4.0,115,39108.0,479
214,1,2.0,186426.0,1838690337.0,3.0,81,36043.0,461
215,1,2.0,198000.0,1813149194.0,3.5,82,72805.0,308
216,1,1.0,59000.0,1786500099.0,3.0,58,95030.0,299
217,1,1.0,895000.0,1725584672.0,2.0,46,25980.0,281
219,1,3.0,399000.0,1760792296.0,4.0,136,47445.0,525
221,1,1.0,313000.0,1835967607.0,2.0,53,22083.0,583
222,1,2.0,178000.0,1809007551.0,3.0,80,27568.0,36
223,1,2.0,998000.0,1838927258.0,4.0,139,12101.0,208
224,1,2.0,199000.0,1835751786.0,4.0,88,25541.0,194
225,1,4.0,569500.0,1814254155.0,5.0,145,65527.0,808
226,1,2.0,189000.0,1837592819.0,2.0,74,57072.0,514
227,1,2.0,225000.0,1839303188.0,3.5,90,44799.0,262
228,1,3.0,195000.0,1835515089.0,4.0,96,49086.0,60
229,1,1.0,646000.0,1838907149.0,3.0,76,80995.0,144
230,1,1.0,166970.0,1785813555.0,2.0,56,54662.0,691
231,1,1.0,100000.0,1838525577.0,2.0,62,26316.0,210
232,1,1.0,250000.0,1838303537.0,2.0,96,66798.0,373
233,1,2.0,169000.0,1837628555.0,3.0,78,38120.0,691
234,1,0.0,154000.0,1786773060.0,1.0,32,10553.0,645
235,1,2.0,174000.0,1724711635.0,3.0,71,44787.0,465
236,1,1.0,375800.0,1656499703.0,3.0,118,25554.0,875
237,1,3.0,499000.0,1836477847.0,4.0,79,60320.0,73
238,1,2.0,820000.0,1757465182.0,4.0,115,85604.0,552
239,1,1.0,270000.0,1562982904.0,2.0,74,38300.0,301
240,1,1.0,279000.0,1837351522.0,2.0,111,52224.0,374
241,1,1.0,150000.0,1815550023.0,1.0,35,68161.0,240
242,1,3.0,368000.0,1836458297.0,3.5,92,61440.0,625
243,1,1.0,198500.0,1835870586.0,2.0,55,52064.0,655
244,1,1.0,165000.0,1837825658.0,2.0,42,89231.0,137
246,1,1.0,420000.0,1566337801.0,3.0,77,81929.0,452
247,1,2.0,136000.0,1837485626.0,3.0,74,44652.0,203
248,1,3.0,419000.0,1758253761.0,4.0,102,21224.0,412
249,1,1.0,215000.0,1836166864.0,2.0,62,48165.0,172
250,1,1.0,321601.0,1596353102.0,3.0,88,1796.0,201
251,1,3.0,189000.0,1790600791.0,4.0,90,38239.0,500
252,1,3.0,295000.0,1757117404.0,4.0,107,74336.0,1304
253,1,3.0,449000.0,1838707377.0,4.0,87,90441.0,4
254,1,3.0,398000.0,1839169692.0,4.0,98,90513.0,417
255,1,1.0,280700.0,1786357933.0,2.0,60,78126.0,538
256,1,3.0,670000.0,1836609061.0,4.0,125,26123.0,319
257,1,2.0,475000.0,1690696732.0,3.0,154,38106.0,453
258,1,2.0,480600.0,1786358160.0,3.0,103,78126.0,534
260,1,2.0,459000.0,1839848501.0,3.0,67,12527.0,456
261,1,3.0,39900.0,1789774912.0,1.0,33,7545.0,177
262,1,1.0,240000.0,1813391226.0,1.0,45,79539.0,260
263,1,1.0,430000.0,1835751399.0,4.0,90,88662.0,163
264,1,1.0,219000.0,1835938830.0,3.0,89,45468.0,304
265,1,1.0,305000.0,1839811051.0,1.0,63,71292.0,81
266,1,1.0,646800.0,1757867511.0,2.0,55,81549.0,368
267,1,2.0,229000.0,1836751002.0,3.0,99,66424.0,219
268,1,2.0,399000.0,1838485730.0,3.0,81,71634.0,290
269,1,1.0,193000.0,1835657809.0,1.0,29,10785.0,382
270,1,2.0,99850.0,1838253716.0,3.0,66,32105.0,173
271,1,2.0,239000.0,1816107073.0,3.0,104,96178.0,565
272,1,2.0,655000.0,1835957834.0,3.0,123,79423.0,782
274,1,1.0,114900.0,1835587160.0,2.0,54,34117.0,243
275,1,2.0,359000.0,1837960705.0,4.0,87,71332.0,742
276,1,1.0,299500.0,1839408000.0,2.0,51,86399.0,720
277,1,1.0,98500.0,1813935364.0,2.5,67,72461.0,147
278,1,0.0,396000.0,1693260019.0,2.0,90,54295.0,231
279,1,1.0,1159000.0,1758081602.0,2.0,84,14199.0,474
280,1,2.0,145000.0,1839591465.0,5.0,160,27576.0,23
282,1,2.0,289000.0,1839161972.0,3.0,88,56564.0,228
284,1,1.0,460000.0,1839461218.0,2.0,79,85247.0,48
285,1,1.0,390000.0,1839278406.0,3.0,102,63517.0,469
286,1,14.0,399900.0,1835624533.0,40.0,710,17367.0,285
287,1,1.0,279000.0,1838877194.0,1.5,37,23743.0,723
288,1,1.0,195800.0,1786707255.0,2.0,47,33106.0,383
290,1,1.0,195000.0,1837903469.0,2.0,55,26434.0,571
291,1,1.0,175000.0,1839131879.0,3.0,61,42555.0,340
292,1,1.0,82000.0,1838665444.0,3.0,81,99768.0,85
294,1,1.0,201800.0,1839267578.0,2.0,65,46325.0,465
295,1,3.0,529000.0,1811565566.0,4.0,108,10249.0,184
296,1,4.0,441384.0,1533407912.0,5.0,140,10553.0,448
297,1,1.0,270500.0,1839412234.0,2.0,52,10585.0,502
298,1,4.0,249000.0,1835676402.0,5.0,130,56179.0,370
299,1,1.0,344000.0,1790893929.0,2.0,57,10119.0,343
300,1,1.0,190000.0,1839588683.0,2.0,59,18057.0,939
301,1,2.0,343500.0,1835601311.0,3.0,67,93105.0,203
302,1,1.0,133000.0,1836673427.0,2.0,75,66386.0,255
303,1,2.0,178000.0,1836100076.0,2.0,70,64401.0,547
305,1,2.0,330000.0,1813951637.0,3.0,81,64354.0,203
306,1,1.0,205000.0,1622777059.0,2.0,48,22844.0,604
307,1,2.0,338500.0,1838112005.0,3.5,97,42697.0,303
309,1,3.0,279000.0,1836438300.0,3.0,61,14052.0,481
310,1,2.0,290000.0,1838663081.0,3.0,76,40880.0,39
311,1,2.0,498000.0,1836739862.0,3.0,65,60316.0,181
312,1,2.0,45000.0,1838279031.0,3.0,69,8451.0,119
313,1,1.0,57000.0,1598938268.0,2.0,66,94089.0,257
314,1,2.0,349000.0,1839030025.0,3.0,88,93055.0,348
315,1,2.0,335000.0,1724091584.0,3.5,95,89250.0,569
318,1,1.0,195000.0,1835750200.0,2.0,70,89407.0,49
319,1,2.0,264000.0,1839304831.0,3.0,71,93073.0,193
320,1,1.0,175000.0,1839008126.0,1.0,39,4103.0,641
321,1,1.0,145000.0,1838779303.0,2.0,60,48653.0,261
322,1,1.0,110000.0,1836066675.0,1.5,36,12559.0,448
324,1,1.0,210000.0,1836404473.0,3.0,72,40880.0,374
325,1,5.0,289000.0,1815539212.0,1.5,45,23743.0,524
326,1,1.0,219900.0,1813908521.0,1.0,39,10439.0,233
327,1,3.0,459000.0,1838361032.0,4.0,112,22149.0,484
328,1,1.0,169000.0,1839797328.0,1.5,36,21107.0,150
330,1,2.0,240000.0,1835895314.0,3.0,77,42551.0,321
331,1,3.0,390000.0,1838112274.0,4.0,120,63505.0,522
332,1,2.0,254800.0,1688780960.0,2.0,55,12529.0,587
335,1,2.0,114900.0,1819081498.0,3.0,126,2956.0,183
337,1,2.0,235000.0,1837845063.0,3.0,81,44267.0,541
338,1,0.0,449000.0,1838601353.0,3.0,96,12107.0,352
339,1,1.0,209500.0,1835551299.0,2.0,53,35274.0,435
340,1,1.0,399000.0,1838814538.0,2.5,68,14052.0,25
341,1,3.0,295000.0,1757116254.0,4.0,107,74336.0,1304
342,1,1.0,349000.0,1814997451.0,3.0,90,48161.0,484
343,1,2.0,112000.0,1838951294.0,3.0,49,47279.0,485
344,1,1.0,179000.0,1835876469.0,2.0,63,79859.0,487
345,1,2.0,249000.0,1836305180.0,3.0,78,53773.0,423
346,1,1.0,319000.0,1790973202.0,1.0,33,81539.0,237
347,1,1.0,236500.0,1786712521.0,2.0,60,33106.0,383
348,1,2.0,580000.0,1835918922.0,3.0,68,80637.0,221
349,1,2.0,159000.0,1692128542.0,4.0,91,52385.0,772
350,1,2.0,449000.0,1813146707.0,3.0,69,85748.0,556
351,1,2.0,125000.0,1814370575.0,3.0,76,8645.0,462
352,1,2.0,549000.0,1815439472.0,3.0,79,60388.0,313
353,1,2.0,135000.0,1835659217.0,3.5,70,58239.0,177
354,1,2.0,249000.0,1758265363.0,3.0,91,67269.0,437
355,1,2.0,295000.0,1834050188.0,3.5,97,42369.0,175
356,1,1.0,77000.0,1839151981.0,2.0,52,47798.0,426
357,1,2.0,97000.0,1505674484.0,6.0,105,37199.0,192
358,1,1.0,70000.0,1835642666.0,1.0,41,6132.0,88
360,1,2.0,349000.0,1838026141.0,3.0,77,10245.0,244
361,1,2.0,1179000.0,1758072855.0,4.0,106,14199.0,474
362,1,2.0,329000.0,1821341044.0,3.0,69,64293.0,434
363,1,2.0,428000.0,1839195229.0,3.5,98,79540.0,486
364,1,2.0,59999.0,1838727771.0,3.0,78,8412.0,271
365,1,2.0,20001.0,1812939581.0,3.0,62,4808.0,377
366,1,2.0,285000.0,1789624208.0,2.0,71,53229.0,286
367,1,2.0,135000.0,1814778227.0,3.0,106,66540.0,130
368,1,1.0,185000.0,1815657738.0,2.0,61,1187.0,204
369,1,1.0,95000.0,1814177641.0,2.0,60,31812.0,434
370,1,3.0,526200.0,1814777161.0,4.0,116,42553.0,339
372,1,2.0,315000.0,1839278669.0,3.0,84,73033.0,214
373,1,3.0,329000.0,1755451929.0,4.0,117,26759.0,367
375,1,1.0,518000.0,1786713144.0,2.0,58,81379.0,431
376,1,2.0,260000.0,1836415344.0,3.0,65,22117.0,448
377,1,5.0,321000.0,1726261249.0,11.0,300,8344.0,235
378,1,3.0,844000.0,1755453190.0,6.0,163,10625.0,588
379,1,2.0,127000.0,1835856690.0,3.0,70,44139.0,578
380,1,1.0,259000.0,1838972567.0,2.0,52,23743.0,466
382,1,3.0,293564.0,1688406556.0,2.0,92,10553.0,427
383,1,3.0,270000.0,1623660014.0,4.0,102,67227.0,849
384,1,1.0,235000.0,1786474925.0,2.0,73,27211.0,275
385,1,2.0,285000.0,1811999027.0,6.0,132,45739.0,661
386,1,2.0,390000.0,1838782565.0,3.0,64,17459.0,589
387,1,3.0,369000.0,1836479303.0,4.0,123,94469.0,934
388,1,2.0,122000.0,1815365945.0,3.0,81,89555.0,356
389,1,2.0,650000.0,1813386276.0,3.0,86,81735.0,420
390,1,6.0,537000.0,1838623169.0,12.0,324,46045.0,393
391,1,3.0,317418.0,1230145483.0,4.0,113,95478.0,715
392,1,1.0,199000.0,1838343314.0,3.0,80,67663.0,405
393,1,1.0,72000.0,1839217671.0,1.0,58,66333.0,85
394,1,2.0,259000.0,1208028281.0,2.0,61,10555.0,281
395,1,2.0,227000.0,1839253138.0,3.0,72,84478.0,82
396,1,1.0,129000.0,1796758589.0,1.0,22,53604.0,257
397,1,1.0,399000.0,1814699697.0,2.0,79,10625.0,377
398,1,0.0,473500.0,1688682511.0,4.0,117,1159.0,413
399,1,3.0,479999.0,1838824595.0,4.0,96,90480.0,142
400,1,2.0,235000.0,1839006260.0,3.0,87,59379.0,347
401,1,2.0,249000.0,1812997855.0,3.0,75,25813.0,627
403,1,2.0,459000.0,1626216804.0,4.5,112,74354.0,307
404,1,3.0,360000.0,1839180758.0,4.0,110,63065.0,39
405,1,1.0,310000.0,1836216100.0,2.0,84,64331.0,217
406,1,2.0,109000.0,1814142457.0,3.0,80,47798.0,294
407,1,3.0,1090000.0,1835874158.0,4.0,150,90409.0,534
408,1,0.0,140000.0,1833280912.0,12.0,260,38350.0,156
412,1,2.0,350000.0,1839788376.0,4.0,160,15517.0,30
413,1,2.0,179000.0,1814994665.0,3.0,76,25436.0,420
414,1,1.0,309000.0,1835617157.0,5.0,113,9111.0,582
415,1,2.0,355000.0,1836357198.0,3.0,62,70599.0,270
417,1,2.0,478400.0,1506316413.0,3.0,112,53474.0,769
418,1,25.0,370000.0,1839741024.0,3.5,96,93077.0,320
419,1,2.0,187500.0,1838947076.0,3.0,86,27751.0,210
420,1,1.0,249000.0,1839548482.0,3.0,85,42799.0,5
421,1,2.0,315000.0,1811134809.0,3.0,79,84359.0,624
422,1,1.0,570000.0,1827146973.0,4.0,128,26121.0,277
424,1,3.0,295000.0,1810979827.0,4.0,128,31812.0,118
425,1,2.0,320000.0,1836276002.0,3.0,76,79238.0,399
426,1,1.0,89900.0,1839193766.0,3.0,62,38226.0,34
427,1,2.0,119000.0,1758243356.0,3.0,79,42279.0,343
428,1,1.0,140000.0,1839208898.0,2.0,41,47053.0,143
429,1,2.0,620000.0,1836525634.0,3.0,119,26123.0,319
430,1,2.0,325000.0,1757048375.0,3.5,111,38448.0,368
431,1,1.0,107000.0,1837993233.0,2.0,62,48477.0,213
432,1,3.0,103000.0,1687841842.0,3.0,68,38259.0,333
433,1,2.0,141942.0,1726727151.0,1.0,37,13347.0,332
434,1,0.0,525000.0,1836424825.0,4.0,105,1159.0,428
436,1,1.0,325000.0,1813367998.0,4.0,88,74376.0,242
437,1,3.0,1480000.0,1785250238.0,5.0,167,82008.0,550
438,1,4.0,240517.0,1838484180.0,1.0,38,1139.0,288
440,1,2.0,85000.0,1835655149.0,3.0,49,44357.0,245
441,1,4.0,225000.0,1785503367.0,4.0,112,59955.0,490
442,1,1.0,252800.0,1788410251.0,3.0,78,77933.0,449
443,1,2.0,824000.0,1693453870.0,3.0,118,22145.0,917
444,1,2.0,669900.0,1790748089.0,3.0,138,33102.0,529
445,1,1.0,105500.0,1838321511.0,2.5,61,25704.0,552
446,1,3.0,379000.0,1836081575.0,4.0,146,64521.0,174
448,1,2.0,629000.0,1837501372.0,3.5,125,79410.0,364
449,1,3.0,297500.0,1567891369.0,4.0,101,26871.0,541
450,1,2.0,290000.0,1814942348.0,3.0,92,31177.0,330
451,1,1.0,155000.0,1836460672.0,2.0,50,33607.0,31
452,1,2.0,300000.0,1598604979.0,3.0,88,27472.0,393
453,1,1.0,152000.0,1727382285.0,2.0,63,49186.0,265
455,1,1.0,299000.0,1815451109.0,3.5,65,71634.0,968
456,1,2.0,627000.0,1787328405.0,3.5,158,79576.0,751
457,1,2.0,329000.0,1755451752.0,3.0,116,26759.0,364
458,1,2.0,435000.0,1534140589.0,3.0,85,10553.0,440
459,1,1.0,149000.0,1836244872.0,1.5,30,23743.0,628
460,1,1.0,299000.0,1598908537.0,2.0,59,10245.0,373
461,1,2.0,383950.0,1785930747.0,3.0,128,54662.0,750
462,1,2.0,295000.0,1814181861.0,2.0,40,50931.0,319
463,1,1.0,154000.0,1836797842.0,1.0,35,34128.0,187
464,1,2.0,300000.0,1838585568.0,3.0,88,40880.0,2
465,1,0.0,372900.0,1836305300.0,2.0,76,50354.0,533
466,1,2.0,466200.0,1786357247.0,3.0,101,78126.0,548
467,1,2.0,349000.0,1839421318.0,3.0,94,53179.0,725
468,1,1.0,159000.0,1838358376.0,1.0,28,22455.0,686
469,1,2.0,560000.0,1827382658.0,4.0,127,90513.0,299
470,1,1.0,570000.0,1815780542.0,2.0,40,80802.0,569
471,1,2.0,595000.0,1687889381.0,4.0,131,65549.0,585
472,1,1.0,149000.0,1813167648.0,3.0,70,16348.0,262
473,1,2.0,35000.0,1836047156.0,3.0,57,1619.0,254
474,1,3.0,168000.0,1597113679.0,4.0,108,25821.0,357
475,1,2.0,567350.0,1786357528.0,3.0,118,78126.0,599
476,1,2.0,229000.0,1835943178.0,2.0,44,13359.0,735
477,1,0.0,649000.0,1756160838.0,3.0,93,13597.0,267
478,1,1.0,595000.0,1429440740.0,2.0,83,10715.0,510
480,1,1.0,79350.0,1838129512.0,1.0,25,30453.0,62
481,1,2.0,458000.0,1758903788.0,3.0,117,49078.0,380
482,1,2.0,119000.0,1813827403.0,3.0,62,27568.0,717
484,1,13.0,113000.0,1838083472.0,1.0,26,60486.0,851
485,1,5.0,90000.0,1838788565.0,5.0,98,4720.0,226
486,1,5.0,349000.0,1815951996.0,3.0,76,10319.0,704
487,1,2.0,955900.0,1790746909.0,3.0,180,33102.0,529
488,1,1.0,245000.0,1755452130.0,2.0,73,26759.0,362
489,1,4.0,160000.0,1817725765.0,2.0,97,33104.0,125
490,1,1.0,298500.0,1786357412.0,2.0,63,78126.0,530
491,1,4.0,527900.0,1688316847.0,3.0,110,74193.0,781
492,1,2.0,170000.0,1839225767.0,3.0,75,45138.0,415
493,1,1.0,259000.0,1838026061.0,2.0,56,10245.0,245
495,1,2.0,559000.0,1837051100.0,3.0,136,21614.0,346
496,1,3.0,279000.0,1837091178.0,4.0,90,57078.0,266
497,1,1.0,291580.0,1839234484.0,2.0,56,85077.0,775
498,1,2.0,135000.0,1838717376.0,1.5,75,45701.0,172
499,1,3.0,254000.0,1688642199.0,3.0,68,89231.0,357
500,1,1.0,340000.0,1786631636.0,2.0,68,65203.0,640
501,1,1.0,399000.0,1755884252.0,4.0,111,34246.0,344
502,1,2.0,595560.0,1811836533.0,3.0,88,10707.0,756
503,1,1.0,215000.0,1839159056.0,2.0,44,78467.0,240
505,1,2.0,519950.0,1813382979.0,2.0,76,10115.0,559
506,1,2.0,159995.0,1839662821.0,3.0,80,39116.0,420
507,1,4.0,7200000.0,1790762040.0,8.0,348,80331.0,1027
508,1,1.0,203000.0,1756924898.0,2.0,70,28844.0,399
509,1,2.0,474000.0,1837444101.0,3.0,90,85276.0,153
510,1,1.0,512400.0,1725515789.0,2.0,73,10317.0,366
511,1,1.0,165000.0,1838324055.0,2.5,70,28777.0,24
513,1,0.0,179000.0,1455093194.0,2.0,77,4328.0,292
514,1,1.0,287000.0,1626364852.0,4.0,75,71034.0,296
515,1,1.0,420000.0,1838487250.0,2.0,48,12589.0,49
516,1,1.0,145000.0,1838316512.0,2.0,44,52080.0,663
518,1,1.0,124900.0,1724187183.0,2.0,57,4299.0,163
519,1,2.0,212000.0,1836507061.0,2.5,102,96106.0,530
520,1,1.0,279000.0,1814931934.0,2.0,52,23946.0,601
521,1,2.0,389900.0,1790748653.0,3.0,82,33102.0,529
522,1,3.0,349000.0,1838498153.0,4.0,115,73779.0,125
524,1,5.0,799000.0,1837289081.0,2.0,122,24118.0,731
525,1,3.0,169000.0,1835599351.0,4.0,87,59821.0,225
526,1,2.0,195000.0,1836240545.0,3.0,87,91522.0,250
527,1,1.0,319000.0,1790641538.0,2.0,70,12207.0,302
528,1,1.0,130000.0,1837838406.0,1.0,41,30559.0,105
529,1,3.0,271570.0,1757030429.0,3.0,95,34117.0,661
530,1,1.0,198000.0,1622397175.0,2.0,58,96486.0,337
531,1,4.0,365000.0,1790444827.0,5.0,238,38644.0,833
532,1,5.0,429000.0,1345312149.0,4.0,140,67547.0,573
533,1,2.0,130000.0,1839080049.0,3.0,66,34225.0,155
534,1,2.0,320000.0,1838885704.0,3.0,75,51145.0,24
535,1,3.0,127500.0,1730618972.0,11.0,160,34466.0,306
536,1,1.0,239000.0,1835898403.0,2.0,38,12161.0,480
537,1,3.0,299000.0,1835992172.0,4.0,116,66679.0,194
538,1,2.0,215000.0,1837518475.0,2.0,44,12161.0,131
540,1,4.0,410000.0,1837748570.0,5.0,124,71083.0,82
541,1,1.0,189000.0,1724215563.0,2.0,48,41462.0,387
542,1,1.0,79000.0,1836420109.0,2.0,50,42275.0,444
543,1,1.0,50000.0,1836955084.0,3.0,57,29389.0,9
544,1,1.0,249000.0,1838191803.0,2.0,66,30457.0,342
545,1,1.0,189000.0,1835750515.0,1.5,34,65207.0,504
546,1,1.0,264000.0,1790460286.0,2.0,61,51766.0,490
547,1,1.0,179000.0,1839516877.0,1.0,65,63110.0,124
548,1,1.0,145000.0,1839178559.0,3.0,81,32312.0,444
549,1,2.0,229000.0,1758380075.0,3.0,91,67269.0,409
550,1,1.0,110900.0,1839381474.0,1.0,42,40880.0,260
551,1,1.0,273900.0,1786356702.0,2.0,59,78126.0,531
552,1,1.0,296400.0,1814794102.0,2.0,65,42553.0,332
553,1,1.0,285000.0,1758613975.0,2.0,62,15566.0,572
554,1,2.0,136000.0,1836708691.0,3.0,75,66740.0,284
555,1,1.0,398000.0,1839033656.0,3.0,100,74379.0,79
556,1,2.0,175000.0,1837498316.0,2.0,56,33739.0,280
559,1,2.0,330000.0,1837077172.0,3.0,84,68169.0,508
560,1,2.0,101000.0,1815467085.0,2.0,62,34125.0,685
562,1,1.0,275000.0,1836837392.0,2.5,59,73760.0,223
563,1,1.0,230000.0,1839089744.0,1.0,42,14057.0,57
564,1,1.0,390396.0,1626032833.0,3.0,86,14641.0,32
565,1,1.0,350000.0,1838998366.0,2.0,55,26121.0,454
566,1,2.0,129900.0,1786752226.0,3.0,56,89537.0,465
567,1,1.0,474000.0,1789580935.0,2.0,55,10243.0,563
568,1,2.0,345000.0,1789850292.0,2.0,88,24145.0,759
569,1,3.0,275000.0,1813914457.0,4.0,102,30938.0,1088
570,1,0.0,134000.0,1839760209.0,3.0,85,45968.0,317
571,1,2.0,319000.0,1785793765.0,3.0,82,51491.0,159
572,1,2.0,235000.0,1836627878.0,3.5,85,44229.0,524
574,1,1.0,215000.0,1835516805.0,2.0,56,49086.0,161
575,1,1.0,119000.0,1660805947.0,3.0,70,9111.0,376
576,1,1.0,249000.0,1815365017.0,3.0,52,90443.0,163
577,1,2.0,379000.0,1839429455.0,3.0,84,89343.0,317
578,1,2.0,135000.0,1625886446.0,3.0,62,45478.0,383
579,1,3.0,249000.0,1839004786.0,3.0,87,4416.0,736
580,1,3.0,156000.0,1814387923.0,4.0,108,57518.0,667
581,1,3.0,509900.0,1839176111.0,4.5,115,74906.0,594
583,1,2.0,150000.0,1836070017.0,3.0,75,27753.0,28
584,1,1.0,149000.0,1821648999.0,2.0,49,63654.0,254
586,1,2.0,125000.0,1838951352.0,3.0,59,47057.0,429
587,1,1.0,129000.0,1839004268.0,1.0,38,54294.0,170
588,1,1.0,199000.0,1815481240.0,3.0,82,66113.0,382
589,1,1.0,409000.0,1836842799.0,2.0,45,22087.0,761
590,1,2.0,270000.0,1688093204.0,3.0,77,26736.0,488
591,1,1.0,159000.0,1790279136.0,2.0,38,88239.0,305
592,1,1.0,275450.0,1786357174.0,2.0,59,78126.0,550
593,1,1.0,415000.0,1813863550.0,3.0,105,65931.0,520
594,1,1.0,216000.0,1836011063.0,1.0,53,53115.0,631
595,1,2.0,225000.0,1688536160.0,3.0,84,35305.0,287
596,1,1.0,175000.0,1789926418.0,2.0,64,79761.0,185
597,1,1.0,60000.0,1690198877.0,2.0,50,8496.0,212
598,1,2.0,290000.0,1835834694.0,6.0,140,44139.0,580
600,1,2.0,289000.0,1812920169.0,3.5,75,71720.0,769
601,1,1.0,239500.0,1756469747.0,2.0,81,94259.0,454
602,1,1.0,48000.0,1838944755.0,2.5,45,38707.0,575
603,1,2.0,398800.0,1813841112.0,3.0,101,46395.0,586
604,1,1.0,279000.0,1691875516.0,5.0,138,49134.0,430
605,1,1.0,159000.0,1836936251.0,2.0,54,55450.0,36
606,1,3.0,310000.0,1839354373.0,6.0,124,13059.0,569
607,1,1.0,49000.0,1839355319.0,1.0,36,8525.0,320
608,1,2.0,143900.0,1811997058.0,3.0,66,45739.0,645
609,1,1.0,249000.0,1688394818.0,2.0,53,12247.0,345
611,1,1.0,229000.0,1815175782.0,2.0,69,42799.0,555
612,1,1.0,129000.0,1839375239.0,3.0,74,99087.0,335
613,1,2.0,190000.0,1836879917.0,3.0,81,48282.0,298
614,1,3.0,289000.0,1813238984.0,4.0,111,63110.0,379
615,1,2.0,199000.0,1813287801.0,3.0,95,67655.0,547
616,1,1.0,150400.0,1837475474.0,2.0,47,54295.0,522
617,1,1.0,178000.0,1836463719.0,2.0,62,79761.0,164
618,1,2.0,139000.0,1535218148.0,3.0,85,34516.0,357
619,1,8.0,332200.0,1836606186.0,17.0,302,9456.0,630
621,1,2.0,350000.0,1821731412.0,3.0,94,79618.0,179
622,1,1.0,399000.0,1839304673.0,2.0,54,22083.0,523
624,1,2.0,449000.0,1838022681.0,4.0,117,15831.0,455
625,1,1.0,370000.0,1814471614.0,2.0,78,10585.0,243
626,1,1.0,187830.0,1726919333.0,2.0,63,54662.0,701
627,1,1.0,210000.0,1839095119.0,1.0,25,50667.0,23
628,1,2.0,367250.0,1839234644.0,3.0,73,85077.0,766
629,1,0.0,539900.0,1836305317.0,3.0,102,50354.0,533
630,1,1.0,410000.0,1836352772.0,3.0,82,24106.0,170
631,1,2.0,575000.0,1836542274.0,3.0,111,26123.0,319
632,1,1.0,739000.0,1758078086.0,2.0,56,14199.0,474
633,1,2.0,271200.0,1662121970.0,3.0,79,92421.0,295
634,1,1.0,899900.0,948970306.0,5.0,167,14059.0,157
636,1,5.0,235000.0,1836029249.0,1.0,52,24116.0,484
637,1,2.0,225000.0,1811668518.0,3.5,68,61206.0,42
638,1,1.0,159000.0,1811182034.0,1.0,35,10245.0,250
640,1,1.0,595000.0,1837695287.0,3.0,84,80809.0,234
641,1,1.0,225000.0,1755743126.0,2.0,75,32257.0,344
642,1,2.0,448500.0,1506315569.0,3.0,109,53474.0,769
643,1,2.0,377600.0,1815048848.0,3.0,81,73054.0,258
644,1,1.0,1289000.0,1758080338.0,3.0,93,14199.0,474
645,1,2.0,95000.0,1837093959.0,3.0,60,51643.0,67
646,1,1.0,579000.0,1482187485.0,2.0,61,81735.0,579
647,1,2.0,262000.0,1562983239.0,3.0,72,38300.0,306
648,1,2.0,336000.0,1837629402.0,3.0,107,46325.0,524
649,1,3.0,128000.0,1839643446.0,4.0,68,45964.0,332
650,1,2.0,269500.0,1789880817.0,3.0,80,27412.0,275
651,1,1.0,295300.0,1786356947.0,2.0,63,78126.0,536
652,1,2.0,38000.0,1835816642.0,4.0,60,34431.0,432
653,1,3.0,577500.0,1786358031.0,4.0,123,78126.0,572
654,1,1.0,219000.0,1661554627.0,2.0,63,94086.0,362
655,1,1.0,269000.0,1839791810.0,4.0,112,92237.0,5
656,1,1.0,329000.0,1786789580.0,2.0,73,90513.0,517
658,1,2.0,300000.0,1837428889.0,3.0,88,30629.0,251
659,1,3.0,100000.0,1836268605.0,4.0,150,30419.0,194
660,1,1.0,879000.0,1758069118.0,3.0,86,14199.0,475
661,1,2.0,267000.0,1757250258.0,3.0,98,49838.0,500
662,1,1.0,161135.0,1688412077.0,2.0,48,10553.0,423
663,1,1.0,210000.0,1838271610.0,2.0,60,13589.0,579
664,1,1.0,389000.0,1657414505.0,3.0,74,12167.0,70
665,1,2.0,169000.0,1813268112.0,3.5,77,96274.0,613
667,1,2.0,169000.0,1839464392.0,3.0,70,56626.0,464
668,1,1.0,105000.0,1789767221.0,1.0,39,30880.0,282
669,1,1.0,143900.0,1811998025.0,3.0,66,45739.0,640
670,1,5.0,810000.0,1657816707.0,3.0,98,10117.0,259
671,1,1.0,126900.0,1838041246.0,1.0,37,40878.0,403
672,1,3.0,185000.0,1814838219.0,4.5,98,16909.0,433
673,1,1.0,259000.0,1790460323.0,2.0,66,51766.0,490
674,1,2.0,315000.0,1835622822.0,3.0,93,26603.0,171
675,1,2.0,480000.0,1785862024.0,3.0,99,22175.0,356
676,1,2.0,295000.0,1838168018.0,3.0,74,65199.0,181
677,1,2.0,239000.0,1836973004.0,3.0,107,55234.0,329
678,1,1.0,359000.0,1836383530.0,2.0,72,41564.0,234
679,1,3.0,119000.0,1838174378.0,3.5,80,47198.0,432
680,1,3.0,229000.0,1813051796.0,4.0,94,49124.0,521
681,1,2.0,488400.0,1812097731.0,3.0,88,12169.0,78
682,1,2.0,439000.0,1836531510.0,3.0,84,26123.0,319
683,1,4.0,319990.0,1479111244.0,5.0,145,74653.0,370
684,1,3.0,898000.0,1819441000.0,5.0,152,65183.0,428
685,1,1.0,137029.0,1835922872.0,2.0,58,14482.0,882
686,1,0.0,199000.0,1839016157.0,3.0,72,32791.0,85
687,1,1.0,149000.0,1789060989.0,2.0,54,53123.0,968
688,1,2.0,148000.0,1836352038.0,3.0,71,87600.0,294
690,1,1.0,230000.0,1834847924.0,4.0,93,41541.0,94
691,1,1.0,405000.0,1837072884.0,3.5,110,38448.0,292
692,1,2.0,329536.0,1838400370.0,3.0,86,77933.0,278
694,1,1.0,409000.0,1662180588.0,2.0,72,22145.0,902
695,1,2.0,189000.0,1839143415.0,3.0,30,14109.0,602
696,1,1.0,619000.0,1813873131.0,5.5,145,71638.0,393
697,1,1.0,274000.0,1839356750.0,2.0,59,86343.0,236
698,1,1.0,110000.0,1838334064.0,2.0,47,4159.0,433
699,1,2.0,189000.0,1836382977.0,3.0,71,26409.0,332
700,1,1.0,156000.0,1813893534.0,1.0,26,10785.0,328
701,1,3.0,374000.0,1815047330.0,4.0,107,67059.0,521
702,1,2.0,349000.0,1835521892.0,5.5,117,9127.0,1098
703,1,1.0,335000.0,1814994269.0,3.0,77,73728.0,591
704,1,2.0,176638.0,1835922995.0,3.0,80,14482.0,949
706,1,2.0,430000.0,1839734222.0,5.0,101,73732.0,635
707,1,3.0,385000.0,1787019879.0,4.0,98,72762.0,603
708,1,2.0,160000.0,1835928212.0,3.0,61,42555.0,249
709,1,1.0,85000.0,1836081957.0,4.0,74,96450.0,121
710,1,2.0,227000.0,1839023347.0,3.0,72,84478.0,82
712,1,1.0,109000.0,1622156451.0,2.0,65,31134.0,256
713,1,1.0,45000.0,1814648290.0,2.0,49,2763.0,95
715,1,2.0,389000.0,1836324858.0,3.5,84,70499.0,728
716,1,2.0,695000.0,1814317753.0,4.0,88,12049.0,345
717,1,1.0,205000.0,1789893146.0,2.0,61,26131.0,305
718,1,2.0,325000.0,1836375072.0,4.0,120,68623.0,203
719,1,1.0,124443.0,1726722981.0,1.0,37,13347.0,278
720,1,2.0,308000.0,1838839976.0,3.0,78,12163.0,3
721,1,3.0,38000.0,1837419516.0,4.0,72,8626.0,122
722,1,4.0,353000.0,1835679478.0,5.0,180,34119.0,453
723,1,1.0,215000.0,1534773265.0,1.5,43,78315.0,343
724,1,1.0,198000.0,1838525176.0,3.0,77,31785.0,377
725,1,3.0,629000.0,1692305419.0,6.0,159,76199.0,633
727,1,3.0,157000.0,1814693411.0,4.0,98,9131.0,406
728,1,1.0,357000.0,1724141947.0,2.0,53,10823.0,261
729,1,2.0,179000.0,1835602462.0,3.0,85,46325.0,328
730,1,1.0,53500.0,1746678045.0,1.0,37,39104.0,107
732,1,2.0,299999.0,1814142636.0,3.0,84,49477.0,864
733,1,3.0,479500.0,1839433325.0,4.0,93,86399.0,760
734,1,2.0,339000.0,1813862397.0,3.0,89,65931.0,523
735,1,2.0,399000.0,1812670054.0,3.0,65,13156.0,234
736,1,3.0,181000.0,1837467036.0,4.0,95,91284.0,359
737,1,3.0,195000.0,1839425222.0,4.0,95,41517.0,150
738,1,1.0,240000.0,1835843262.0,2.0,74,38442.0,80
739,1,3.0,445130.0,1836458859.0,4.0,101,78050.0,513
740,1,1.0,98000.0,1814239079.0,2.5,58,78176.0,398
741,1,4.0,477000.0,1811301046.0,7.0,163,67433.0,815
745,1,2.0,185000.0,1838608083.0,3.5,93,58256.0,232
746,1,2.0,319000.0,1837194908.0,3.0,79,26160.0,320
747,1,3.0,289000.0,1836106884.0,4.0,86,73033.0,379
748,1,3.0,122000.0,1814006949.0,4.5,112,38259.0,573
750,1,1.0,71920.0,1835922751.0,1.0,35,14482.0,847
752,1,1.0,169990.0,1799729588.0,3.0,85,32602.0,371
753,1,1.0,325000.0,1836472092.0,2.0,64,89287.0,197
754,1,1.0,228880.0,1837553082.0,2.0,43,86167.0,268
755,1,1.0,89000.0,1811078962.0,1.0,17,55743.0,862
756,1,1.0,160000.0,1838214311.0,2.0,86,46045.0,98
757,1,2.0,209000.0,1838941774.0,3.0,80,24109.0,123
758,1,3.0,185000.0,1839589335.0,3.0,80,45138.0,210
759,1,2.0,119000.0,1835656061.0,4.0,82,41189.0,323
762,1,2.0,442000.0,1786426032.0,3.5,113,28211.0,650
763,1,1.0,75000.0,1839276980.0,2.0,42,39106.0,200
764,1,3.0,895000.0,1726178507.0,4.0,138,10585.0,495
765,1,1.0,190848.0,1596948205.0,2.0,40,97708.0,220
766,1,1.0,155000.0,1661722791.0,1.0,36,12169.0,318
767,1,1.0,245000.0,1755452300.0,2.0,73,26759.0,356
768,1,0.0,128000.0,1839643489.0,3.0,68,45964.0,308
769,1,2.0,419000.0,1722302984.0,3.0,90,90513.0,387
770,1,1.0,199000.0,1835684246.0,2.0,68,35428.0,245
771,1,2.0,940000.0,1597424073.0,4.0,189,14469.0,304
772,1,2.0,239000.0,1343618441.0,3.0,70,94086.0,345
773,1,1.0,190000.0,1786654932.0,7.5,179,35232.0,474
774,1,1.0,105500.0,1813883157.0,1.0,32,91564.0,323
775,1,1.0,129999.0,1837097195.0,3.0,61,31832.0,188
776,1,3.0,1375000.0,1839491320.0,4.0,125,10435.0,128
777,1,2.0,235000.0,1837064583.0,3.0,77,23564.0,230
778,1,2.0,450000.0,1693171907.0,4.0,175,42697.0,595
779,1,2.0,253000.0,1837835245.0,3.0,110,63571.0,255
780,1,2.0,228000.0,1838035589.0,2.0,44,78224.0,314
781,1,3.0,119000.0,1692525371.0,4.0,102,66121.0,461
782,1,3.0,420000.0,1836750154.0,4.0,116,76437.0,204
784,1,2.0,148000.0,1837619849.0,3.0,75,52355.0,279
785,1,1.0,250000.0,1838133379.0,3.0,77,25421.0,538
786,1,2.0,62000.0,1836424514.0,3.0,94,8523.0,264
787,1,2.0,319200.0,1839014340.0,3.0,77,4463.0,809
789,1,3.0,484500.0,1839409743.0,4.0,93,86399.0,760
790,1,0.0,175000.0,1813967842.0,2.0,41,13357.0,121
791,1,1.0,321000.0,1839068283.0,1.0,37,80992.0,418
792,1,1.0,115000.0,1839005274.0,2.0,65,4509.0,757
793,1,4.0,286500.0,1837628266.0,2.0,65,10707.0,282
794,1,2.0,139000.0,1839616292.0,2.0,77,45309.0,306
795,1,4.0,650000.0,1790347311.0,4.0,100,12157.0,1079
796,1,1.0,288000.0,1838612785.0,4.0,84,38112.0,37
797,1,1.0,245000.0,1836330318.0,4.0,94,45476.0,91
798,1,1.0,135000.0,1813984361.0,2.5,51,74564.0,388
799,1,1.0,88000.0,1814099651.0,3.0,75,47139.0,510
800,1,2.0,330000.0,1836218070.0,3.0,84,78532.0,142
801,1,1.0,439000.0,1655719318.0,2.0,56,10115.0,182
802,1,2.0,750000.0,1838101138.0,3.0,82,80796.0,125
803,1,2.0,350000.0,1836773840.0,3.0,79,51063.0,896
804,1,2.0,160000.0,1838517590.0,4.0,80,27616.0,13
805,1,1.0,286950.0,1839425062.0,4.0,106,8294.0,290
806,1,2.0,292000.0,1693534219.0,3.0,74,93149.0,178
808,1,1.0,99500.0,1837836922.0,1.0,38,74869.0,206
809,1,2.0,313900.0,1839261458.0,3.0,102,46325.0,470
811,1,3.0,97000.0,1839802355.0,4.0,160,64839.0,193
812,1,1.0,105000.0,1566949940.0,2.0,65,95030.0,392
814,1,1.0,298395.0,1839175783.0,1.0,33,60326.0,302
815,1,2.0,310000.0,1836856272.0,3.5,84,75181.0,94
816,1,1.0,195000.0,1838018838.0,4.0,117,26382.0,284
817,1,11.0,125000.0,1837574701.0,3.0,73,47803.0,477
818,1,2.0,325000.0,1837183497.0,3.0,82,90451.0,162
819,1,2.0,399500.0,1835574332.0,3.0,131,26871.0,537
820,1,2.0,525400.0,1481494667.0,4.0,134,32457.0,545
821,1,2.0,699900.0,1790747548.0,3.0,146,33102.0,529
823,1,1.0,124000.0,1837137297.0,2.0,62,47229.0,64
824,1,2.0,62500.0,1836840494.0,3.0,48,35116.0,611
825,1,2.0,389900.0,1790749262.0,3.0,81,33102.0,529
827,1,2.0,180000.0,1836944188.0,3.0,80,41238.0,183
828,1,3.0,249000.0,1838168860.0,3.0,72,13581.0,253
829,1,3.0,486000.0,1756109265.0,4.0,103,64546.0,212
830,1,1.0,280300.0,1786358244.0,2.0,59,78126.0,538
831,1,2.0,200000.0,1839664989.0,4.0,100,59602.0,186
832,1,1.0,129000.0,1837688030.0,2.0,50,96484.0,198
833,1,2.0,110000.0,1838468108.0,3.0,86,94379.0,298
834,1,2.0,340000.0,1838209963.0,3.0,67,22607.0,285
836,1,2.0,520000.0,1813832877.0,4.0,103,53173.0,488
837,1,2.0,260000.0,1812365458.0,3.0,86,86343.0,323
838,1,2.0,339400.0,1759936803.0,3.0,130,38820.0,441
839,1,1.0,323950.0,1839234606.0,2.0,64,85077.0,775
840,1,2.0,225000.0,1813321719.0,3.0,70,21271.0,655
841,1,3.0,385000.0,1838399759.0,5.0,144,45479.0,453
842,1,3.0,379900.0,1567890599.0,4.0,129,26871.0,541
843,1,3.0,409900.0,1835586881.0,5.0,155,34117.0,357
844,1,3.0,1250.0,1836520089.0,4.5,115,71149.0,150
845,1,1.0,210000.0,1813297416.0,2.0,71,61130.0,137
846,1,2.0,239500.0,1838169335.0,4.0,119,34329.0,201
848,1,2.0,279000.0,1839053930.0,3.0,82,50226.0,46
849,1,3.0,280000.0,1835818174.0,4.0,122,78089.0,403
850,1,2.0,359000.0,1689451818.0,4.0,95,91301.0,664
851,1,3.0,258500.0,1839260515.0,2.0,68,35039.0,178
852,1,2.0,209000.0,1208028797.0,2.0,50,10555.0,285
853,1,1.0,259000.0,1785408910.0,3.0,70,28816.0,596
854,1,2.0,179000.0,1835629057.0,3.0,80,4425.0,287
855,1,2.0,382249.0,1755491978.0,3.0,104,95326.0,315
856,1,5.0,160000.0,1835754667.0,3.0,63,28327.0,273
857,1,2.0,150000.0,1839252018.0,3.5,71,44866.0,179
858,1,3.0,399000.0,1839596666.0,4.5,100,91325.0,266
859,1,1.0,673947.0,1813706162.0,4.0,124,91074.0,240
860,1,2.0,279000.0,1836279944.0,3.0,76,4129.0,373
861,1,3.0,246000.0,1814099057.0,4.0,91,26131.0,320
862,1,2.0,329500.0,1505589782.0,4.5,92,63853.0,347
863,1,1.0,779000.0,1758071582.0,3.0,76,14199.0,473
864,1,2.0,367000.0,1835539114.0,4.0,115,38442.0,510
865,1,2.0,85200.0,1726661995.0,3.0,74,9131.0,707
866,1,1.0,270000.0,1814011536.0,3.0,86,48163.0,377
867,1,2.0,461900.0,1813262350.0,3.0,106,45481.0,428
868,1,2.0,79500.0,1726474530.0,2.0,62,38820.0,321
869,1,2.0,425185.0,1839234452.0,3.0,81,85077.0,806
870,1,2.0,279000.0,1626247475.0,3.0,67,87616.0,360
871,1,2.0,275000.0,1789946579.0,3.0,92,63073.0,495
872,1,2.0,270000.0,1835581760.0,3.0,83,96450.0,323
873,1,2.0,675000.0,1836292890.0,2.5,69,81243.0,202
874,1,1.0,489000.0,1660617275.0,3.0,116,84503.0,365
877,1,0.0,36500.0,1506616182.0,2.0,43,4720.0,591
878,1,2.0,875000.0,1835532962.0,4.0,147,14193.0,337
879,1,1.0,286000.0,1786417988.0,1.0,72,28207.0,268
880,1,1.0,315000.0,1789992633.0,4.0,92,79283.0,212
882,1,1.0,165000.0,1796547860.0,1.0,33,14089.0,105
883,1,1.0,34000.0,1837446243.0,3.0,61,99734.0,341
884,1,3.0,250000.0,1837042320.0,4.0,85,58099.0,52
885,1,5.0,230000.0,1839595499.0,3.0,84,30657.0,164
887,1,3.0,599900.0,1813263666.0,4.0,136,45481.0,428
888,1,0.0,479900.0,1836305328.0,3.0,109,50354.0,533
889,1,2.0,271200.0,1662122112.0,3.0,79,92421.0,295
890,1,1.0,333000.0,1789804214.0,2.0,67,12047.0,173
891,1,1.0,250000.0,1789644397.0,3.0,55,12437.0,202
892,1,2.0,349000.0,1836447517.0,3.0,95,28213.0,111
894,1,2.0,159500.0,1756966201.0,3.0,90,46045.0,375
895,1,1.0,80000.0,1837822596.0,2.0,37,33154.0,224
896,1,1.0,275000.0,1814879511.0,3.0,125,49086.0,314
897,1,1.0,139000.0,1758219644.0,2.0,54,1237.0,493
898,1,2.0,279000.0,1756117756.0,3.0,76,68305.0,530
899,1,2.0,167000.0,1839068897.0,3.0,78,54294.0,337
900,1,2.0,590000.0,1727671118.0,3.0,73,81241.0,325
902,1,3.0,365000.0,1785936991.0,4.0,78,86157.0,387
903,1,3.0,330000.0,1837969532.0,4.0,140,72218.0,70
904,1,2.0,230000.0,1839128526.0,3.0,83,91154.0,9
905,1,2.0,145000.0,1694345201.0,3.0,79,66780.0,412
906,1,1.0,361875.0,1839234421.0,2.0,68,85077.0,804
907,1,2.0,249000.0,1838316657.0,3.0,84,92637.0,530
908,1,1.0,690000.0,1837140496.0,5.0,83,12101.0,111
910,1,2.0,189000.0,1757248550.0,2.0,62,67583.0,356
911,1,1.0,325000.0,1838310408.0,1.0,27,80995.0,384
912,1,0.0,279000.0,1790490976.0,2.0,53,24114.0,731
913,1,0.0,176000.0,1813967925.0,2.0,42,13357.0,121
914,1,2.0,380470.0,1839234520.0,3.0,73,85077.0,778
915,1,2.0,299000.0,1839504641.0,3.0,93,30177.0,508
916,1,3.0,404000.0,1836138997.0,4.0,120,88048.0,72
917,1,2.0,55000.0,1724385200.0,3.0,56,9353.0,550
919,1,1.0,495000.0,1567539446.0,2.0,53,22529.0,365
920,1,2.0,230000.0,1838499537.0,3.0,78,26131.0,163
921,1,2.0,280000.0,1836834019.0,3.0,82,78667.0,113
922,1,1.0,240000.0,1835830818.0,2.0,73,53332.0,129
923,1,2.0,383600.0,1836458447.0,3.0,88,78050.0,513
924,1,1.0,179000.0,1838340869.0,2.0,52,75180.0,143
925,1,1.0,535000.0,1811081952.0,2.0,65,60322.0,345
926,1,1.0,209582.0,1482919075.0,2.0,67,55469.0,195
927,1,3.0,238000.0,1838890514.0,4.0,94,38444.0,276
928,1,1.0,281450.0,1839234575.0,2.0,56,85077.0,769
929,1,2.0,375000.0,1839019567.0,3.0,80,14532.0,43
931,1,2.0,185000.0,1813974036.0,3.0,88,30179.0,333
933,1,1.0,450000.0,1634407728.0,2.0,50,83684.0,140
934,1,1.0,58800.0,1562898286.0,2.0,48,9337.0,259
935,1,3.0,619000.0,1839591296.0,4.0,170,64625.0,112
938,1,2.0,466600.0,1756581905.0,3.0,88,64380.0,516
939,1,1.0,259000.0,1837796723.0,2.0,60,96114.0,219
941,1,1.0,318900.0,1786563193.0,2.0,68,60388.0,580
942,1,1.0,169000.0,1789269786.0,3.0,77,32105.0,468
943,1,1.0,70000.0,1755449361.0,2.0,64,9130.0,543
945,1,2.0,399000.0,1838694983.0,3.0,97,56076.0,486
946,1,2.0,400000.0,1756100917.0,5.0,103,71409.0,522
947,1,3.0,512500.0,1756099462.0,4.0,104,64546.0,207
948,1,1.0,259000.0,1785510216.0,2.0,59,13156.0,114
949,1,2.0,129000.0,1838444295.0,3.0,67,51645.0,867
950,1,4.0,339000.0,1790449546.0,5.0,162,13409.0,234
951,1,1.0,165000.0,1835537911.0,3.0,76,52064.0,535
952,1,1.0,154900.0,1835901712.0,2.0,48,15831.0,305
953,1,1.0,35000.0,1757271394.0,2.0,51,9429.0,408
954,1,2.0,575000.0,1839705358.0,3.0,107,22763.0,772
955,1,1.0,210000.0,1758228051.0,2.0,63,26131.0,541
956,1,2.0,769000.0,1627333264.0,3.0,104,85609.0,206
958,1,2.0,1.0,1838078511.0,3.5,88,70372.0,564
959,1,1.0,398000.0,1839278508.0,2.0,55,82194.0,415
960,1,2.0,775000.0,1839273973.0,3.5,117,81829.0,310
961,1,1.0,279000.0,1624757855.0,2.0,53,10245.0,90
962,1,1.0,350000.0,1839082780.0,3.0,89,96271.0,50
963,1,1.0,235000.0,1836913255.0,4.5,85,72355.0,437
964,1,2.0,319000.0,1837659581.0,3.0,72,33739.0,322
965,1,3.0,279000.0,1837578490.0,4.0,87,34225.0,109
967,1,1.0,274000.0,1429613141.0,2.0,67,50735.0,1200
968,1,2.0,290000.0,1835777621.0,3.0,56,71706.0,56
971,1,1.0,155000.0,1815676475.0,2.0,56,65232.0,475
972,1,2.0,220000.0,1813924085.0,3.5,82,73479.0,619
973,1,1.0,84999.0,1838504998.0,4.0,82,7549.0,389
974,1,1.0,495000.0,1832149731.0,4.5,105,28205.0,305
975,1,1.0,230000.0,1823882267.0,3.0,74,46459.0,166
976,1,1.0,58000.0,1837619928.0,1.0,34,66386.0,623
977,1,1.0,55000.0,1839376079.0,2.0,55,27568.0,403
978,1,1.0,275000.0,1836952411.0,23.0,73,94474.0,20
979,1,1.0,220000.0,1831970900.0,3.0,85,49406.0,242
980,1,1.0,149000.0,1814923459.0,3.0,102,34596.0,77
981,1,2.0,667000.0,1811864167.0,3.0,95,12047.0,536
982,1,1.0,389000.0,1839338338.0,3.0,72,65933.0,170
984,1,1.0,189000.0,1839018706.0,3.0,72,32791.0,85
985,1,2.0,130000.0,1836403305.0,3.0,70,32257.0,82
986,1,1.0,235100.0,1786357022.0,2.0,50,78126.0,549
987,1,3.0,499000.0,1836992418.0,4.0,95,79110.0,452
988,1,1.0,410000.0,1824988312.0,4.0,116,56112.0,491
989,1,2.0,110000.0,1565714580.0,2.0,66,47574.0,538
991,1,1.0,82280.0,1834391628.0,1.0,41,52457.0,56
992,1,1.0,95000.0,1813106487.0,2.5,60,47139.0,458
993,1,4.0,320000.0,1836640440.0,5.0,169,42115.0,338
994,1,2.0,360000.0,1815255754.0,3.0,91,71672.0,372
996,1,1.0,268000.0,1562982839.0,2.0,74,38300.0,302
997,1,1.0,272000.0,1562982928.0,2.0,74,38300.0,305
999,1,1.0,210000.0,1831345532.0,3.0,82,58332.0,25
1000,1,2.0,158400.0,1838951209.0,3.5,74,44269.0,214
1001,1,0.0,142000.0,1839760342.0,4.0,82,45968.0,285
1002,1,4.0,257500.0,1813836156.0,5.0,115,56220.0,236
1003,1,3.0,246000.0,1814100087.0,4.0,91,26131.0,324
1004,1,1.0,110000.0,1836875101.0,1.5,59,39646.0,43
1005,1,2.0,125000.0,1836471688.0,3.0,57,45276.0,305
1006,1,3.0,272800.0,1838219141.0,2.0,78,49477.0,251
1007,1,1.0,215000.0,1815009011.0,2.0,70,6114.0,684
1008,1,1.0,175000.0,1790853170.0,3.0,51,70437.0,827
1009,1,1.0,185000.0,1835793013.0,3.5,83,58300.0,182
1010,1,1.0,137029.0,1836764605.0,2.0,58,15234.0,882
1012,1,1.0,299000.0,1812932509.0,3.5,65,71634.0,968
1013,1,1.0,280000.0,1838755529.0,3.0,71,87600.0,400
1014,1,2.0,119000.0,1623054827.0,4.0,109,45889.0,388
1016,1,2.0,126000.0,1839103035.0,3.0,74,51645.0,930
1017,1,1.0,129000.0,1836351338.0,2.0,50,79730.0,206
1018,1,2.0,230000.0,1837845958.0,3.0,76,64289.0,90
1019,1,1.0,219900.0,1693334233.0,2.5,77,25494.0,634
1020,1,3.0,649000.0,1787282928.0,4.0,137,28203.0,258
1021,1,3.0,255000.0,1694570753.0,2.0,60,1159.0,427
1022,1,2.0,215500.0,1759936725.0,3.0,91,38820.0,444
1023,1,2.0,209000.0,1836417173.0,3.0,78,30419.0,229
1024,1,1.0,250000.0,1839635915.0,3.0,80,66123.0,134
1025,1,2.0,312200.0,1835929469.0,3.0,87,40883.0,438
1026,1,2.0,149000.0,1838343386.0,2.0,58,67655.0,381
1027,1,2.0,1929000.0,1758389507.0,4.0,209,12587.0,740
1028,1,2.0,699000.0,1790548388.0,3.0,151,56626.0,693
1029,1,2.0,235000.0,1839008506.0,3.0,87,66119.0,56
1031,1,1.0,139000.0,1836384956.0,3.0,75,98693.0,441
1034,1,1.0,89000.0,1815390123.0,1.0,37,45277.0,351
1035,1,4.0,505800.0,1694570801.0,4.0,116,1159.0,410
1036,1,2.0,495000.0,1836518164.0,3.0,95,26123.0,319
1037,1,2.0,130000.0,1756325415.0,4.0,68,42103.0,367
1038,1,2.0,165000.0,1837339666.0,4.0,77,45357.0,525
1039,1,2.0,259000.0,1835729358.0,3.0,75,48268.0,84
1040,1,2.0,259000.0,1343650615.0,3.0,78,94086.0,344
1041,1,2.0,129000.0,1692091261.0,3.0,85,52353.0,558
1042,1,1.0,298000.0,1727396131.0,2.0,60,79874.0,964
1043,1,2.0,395000.0,1837826919.0,3.0,100,93098.0,655
1044,1,1.0,468600.0,1786357334.0,2.0,98,78126.0,596
1045,1,1.0,475000.0,1837855373.0,4.0,133,31224.0,274
1046,1,1.0,172000.0,1836792935.0,3.0,87,26384.0,444
1047,1,2.0,329000.0,1758903587.0,3.0,93,49078.0,379
1048,1,2.0,375032.0,1755494140.0,3.0,105,95326.0,320
1049,1,1.0,115000.0,1815063793.0,2.0,63,44532.0,352
1050,1,1.0,65000.0,1836085837.0,1.0,34,34134.0,121
1051,1,2.0,180000.0,1815068696.0,3.0,102,44532.0,383
1052,1,1.0,97000.0,1812986668.0,1.0,21,60486.0,671
1053,1,1.0,77500.0,1428546651.0,2.0,45,39112.0,205
1054,1,2.0,388000.0,1790612843.0,3.0,72,10247.0,198
1055,1,1.0,467705.0,1813706120.0,3.0,82,91074.0,240
1056,1,1.0,145000.0,1839603283.0,3.0,75,41747.0,22
1057,1,2.0,249000.0,1813919823.0,3.0,63,26434.0,1254
1058,1,1.0,47500.0,1837945076.0,2.0,60,7570.0,500
1059,1,2.0,200000.0,1838430399.0,3.0,89,34225.0,501
1060,1,3.0,319000.0,1785626071.0,4.5,124,73054.0,285
1061,1,2.0,290000.0,1837108610.0,3.0,90,53757.0,221
1062,1,1.0,299000.0,1687990529.0,2.0,89,77955.0,336
1063,1,2.0,247000.0,1789900120.0,3.5,85,55232.0,200
1065,1,1.0,632165.0,1593624215.0,3.0,104,90431.0,423
1066,1,1.0,559000.0,1789550856.0,2.0,61,81925.0,371
1067,1,2.0,235000.0,1749215875.0,3.0,71,89231.0,624
1068,1,2.0,1179000.0,1814066798.0,4.0,135,70619.0,769
1069,1,1.0,220000.0,1837524547.0,3.0,77,44866.0,436
1070,1,1.0,299000.0,1837977123.0,3.0,90,93073.0,410
1072,1,1.0,90000.0,1813106736.0,2.5,60,47139.0,452
1073,1,1.0,79000.0,1597884328.0,2.0,41,33605.0,130
1074,1,1.0,65000.0,1837976975.0,2.0,43,9117.0,442
1075,1,2.0,175000.0,1835978123.0,4.0,100,66606.0,311
1076,1,2.0,300000.0,1836553141.0,3.0,72,76549.0,78
1077,1,1.0,335000.0,1813863941.0,2.0,66,53173.0,483
1078,1,2.0,39999.0,1839751215.0,3.0,62,8527.0,39
1080,1,1.0,84000.0,1838138420.0,2.0,60,31683.0,366
1082,1,2.0,63000.0,1838100897.0,3.0,60,8344.0,397
1083,1,1.0,71920.0,1836764559.0,1.0,35,15234.0,847
1085,1,3.0,420000.0,1756364475.0,4.0,124,38442.0,406
1086,1,2.0,230000.0,1814212989.0,3.0,78,40789.0,482
1087,1,3.0,399900.0,1836727553.0,4.0,89,63110.0,7
1088,1,1.0,79900.0,1836378660.0,1.0,37,63667.0,383
1089,1,3.0,390000.0,1791195295.0,4.0,100,79585.0,301
1090,1,2.0,455000.0,1814246357.0,3.0,76,22393.0,640
1091,1,1.0,75000.0,1835537727.0,2.5,56,46047.0,362
1092,1,1.0,240000.0,1839272739.0,4.0,90,42651.0,16
1093,1,2.0,259000.0,1839862752.0,3.0,84,26817.0,544
1094,1,1.0,295000.0,1836463541.0,2.0,56,12157.0,307
1095,1,1.0,119000.0,1755354774.0,2.0,70,58119.0,338
1096,1,2.0,310000.0,1506502640.0,3.0,97,13059.0,430
1098,1,1.0,119900.0,1657492081.0,2.0,56,4299.0,480
1099,1,1.0,117000.0,1839256009.0,3.0,12,10245.0,600
1100,1,1.0,71920.0,1835922715.0,1.0,35,10625.0,847
1101,1,2.0,333000.0,1838414629.0,3.0,81,53340.0,124
1102,1,1.0,175000.0,1838167487.0,2.0,72,88410.0,121
1103,1,1.0,344000.0,1626220400.0,4.0,91,74354.0,232
1104,1,1.0,228000.0,1831373068.0,2.0,57,4177.0,171
1105,1,4.0,229000.0,1835773619.0,3.0,80,63128.0,626
1106,1,2.0,284500.0,1839409177.0,3.0,52,86399.0,727
1107,1,2.0,598500.0,1790817134.0,3.0,114,65187.0,531
1108,1,3.0,619695.0,1757174703.0,4.5,89,73730.0,596
1109,1,2.0,325000.0,1837913884.0,3.0,106,35745.0,218
1110,1,1.0,188000.0,1785959146.0,2.0,40,15569.0,679
1111,1,1.0,850000.0,1839327367.0,3.0,69,80805.0,444
1112,1,4.0,476000.0,1790918941.0,5.0,142,54441.0,591
1113,1,2.0,279000.0,1838545867.0,3.0,75,76139.0,77
1114,1,1.0,300000.0,1165702930.0,2.0,42,60599.0,245
1115,1,1.0,422000.0,1724333790.0,3.0,104,27798.0,277
1116,1,2.0,349000.0,1758903314.0,3.0,96,49078.0,379
1117,1,3.0,558300.0,1786357089.0,4.0,121,78126.0,579
1118,1,2.0,295000.0,1838974671.0,3.5,112,95503.0,118
1119,1,3.0,390700.0,1368644312.0,4.0,121,58239.0,796
1120,1,1.0,73500.0,1839014484.0,3.0,66,9116.0,892
1121,1,4.0,595000.0,1716529444.0,4.0,128,76571.0,256
1122,1,4.0,193200.0,1835850170.0,4.0,92,48653.0,467
1124,1,5.0,180000.0,1839367606.0,3.0,81,83536.0,566
1125,1,2.0,290000.0,1815557631.0,3.0,131,38547.0,356
1126,1,2.0,373950.0,1758164867.0,3.0,99,95503.0,195
1127,1,1.0,149500.0,1814454370.0,3.0,51,79713.0,455
1128,1,3.0,432380.0,1836507215.0,4.0,97,78050.0,556
1129,1,1.0,399000.0,1790548076.0,3.0,105,56626.0,657
1130,1,1.0,310000.0,1836764923.0,1.5,39,27476.0,229
1131,1,4.0,155000.0,1836661313.0,6.0,130,26721.0,51
1132,1,1.0,189000.0,1837862292.0,3.0,74,21337.0,75
1133,1,1.0,215600.0,1785852656.0,2.0,72,54662.0,695
1134,1,1.0,75000.0,1814725657.0,2.0,49,59199.0,154
1135,1,2.0,279000.0,1835967552.0,3.0,80,74072.0,12
1137,1,1.0,117000.0,1839175729.0,3.0,12,10245.0,600
1138,1,1.0,109900.0,1839066165.0,1.0,24,93053.0,423
1139,1,1.0,513000.0,1838961373.0,2.0,38,25980.0,748
1140,1,2.0,425000.0,1300019730.0,3.0,89,16348.0,186
1143,1,1.0,309000.0,1837098711.0,3.0,76,53117.0,441
1144,1,1.0,574900.0,1836305308.0,4.0,120,50354.0,533
1145,1,1.0,295000.0,1838680752.0,2.0,85,54329.0,210
1146,1,1.0,98700.0,1838283986.0,2.0,54,9126.0,162
1147,1,2.0,169000.0,1839521822.0,3.0,59,63452.0,133
1148,1,1.0,895000.0,1839021347.0,3.0,112,80992.0,474
1149,1,2.0,460000.0,1813320596.0,3.0,148,59555.0,506
1150,1,1.0,219000.0,1814241230.0,2.0,58,88131.0,413
